ID,Title,Speakers,Room,Date,Start,End,Track
S01-01,TikTok fundraising for small charities,Pieter Adeyemi,Plenary Hall,2026-10-13,14:00,15:15,Digital
S01-02,The seven-figure ask: lessons from the Global South,"Elena Mwangi, Sofia Nielsen",Garden Room,2026-10-13,14:00,15:15,Major Gifts
S01-03,Why hiring and retention matters now,Amara Petrova,Atrium,2026-10-13,14:00,15:15,Leadership
S01-04,Gifts in wills in practice,Sven Nowak,Library,2026-10-13,14:00,15:15,Legacy Giving
S01-05,From zero to scale with donor retention metrics,"Aiko Iyer, Jonas Johansson",Room 1,2026-10-13,14:00,15:15,Data & Insight
S01-06,The future of video that converts,"Pieter Adeyemi, Priya Rahman, Kwame Sharma",Room 2,2026-10-13,14:00,15:15,Storytelling
S01-07,Pitching to CSR teams: a masterclass,Tomasz Dlamini,Room 3,2026-10-13,14:00,15:15,Corporate Partnerships
S01-08,Beyond local groups: what actually works,"Ingrid Johansson, Tomasz Costa",Room 4,2026-10-13,14:00,15:15,Community Fundraising
S01-09,The future of test-and-learn culture,"Grace Nasser, Anouk Lindqvist",Room 5,2026-10-13,14:00,15:15,Innovation
S01-10,Psychological safety: a masterclass,"Anouk Petrova, Sipho Nasser",Room 6,2026-10-13,14:00,15:15,Wellbeing
S01-11,Paid social: a masterclass,Sofia Sato,Room 7,2026-10-13,14:00,15:15,Digital
S01-12,Philanthropy circles: a masterclass,Amara Sato,Room 8,2026-10-13,14:00,15:15,Major Gifts
S01-13,Rethinking board engagement,"Daan de Vries, Sipho Kowalski",Room 9,2026-10-13,14:00,15:15,Leadership
S01-14,Why gifts in wills matters now,Nomvula Nasser,Room 10,2026-10-13,14:00,15:15,Legacy Giving
S01-15,Attribution models in practice,"Tomasz Kowalski, Leila Bakker",Room 11,2026-10-13,14:00,15:15,Data & Insight
S02-01,Prospect research: a masterclass,Chiara Mwangi,Plenary Hall,2026-10-13,15:45,17:00,Major Gifts
S02-02,The future of hiring and retention,Chiara Morales,Garden Room,2026-10-13,15:45,17:00,Leadership
S02-03,Beyond legacy messaging: what actually works,Ade Nkosi,Atrium,2026-10-13,15:45,17:00,Legacy Giving
S02-04,Predictive analytics: a masterclass,"Ingrid Levi, Aiko Becker, Daan Nasser",Library,2026-10-13,15:45,17:00,Data & Insight
S02-05,Consent-led imagery: a masterclass,"Leila Nielsen, Sofia Mwangi",Room 1,2026-10-13,15:45,17:00,Storytelling
S02-06,Beyond pitching to CSR teams: what actually works,"Kwame Nowak, Maya Nielsen",Room 2,2026-10-13,15:45,17:00,Corporate Partnerships
S02-07,From zero to scale with peer-to-peer events,"Freya de Vries, Jonas Nowak",Room 3,2026-10-13,15:45,17:00,Community Fundraising
S02-08,The future of new product development,"Leila Sharma, Ade Becker",Room 4,2026-10-13,15:45,17:00,Innovation
S02-09,Psychological safety for small charities,Yasmin Jansen,Room 5,2026-10-13,15:45,17:00,Wellbeing
S02-10,Rethinking paid social,Amara Sharma,Room 6,2026-10-13,15:45,17:00,Digital
S02-11,From zero to scale with the seven-figure ask,Maya Morales,Room 7,2026-10-13,15:45,17:00,Major Gifts
S02-12,Why leading through change matters now,"Fatima Lindqvist, Elena van Dijk",Room 8,2026-10-13,15:45,17:00,Leadership
S02-13,Ten things we learned about in-memory giving,"Ade Johansson, Nomvula Okafor",Room 9,2026-10-13,15:45,17:00,Legacy Giving
S02-14,Why CRM clean-up matters now,Maya Jansen,Room 10,2026-10-13,15:45,17:00,Data & Insight
S02-15,Rethinking consent-led imagery,Leila Sato,Room 11,2026-10-13,15:45,17:00,Storytelling
S03-01,Why board engagement matters now,"Pieter Rossi, Priya Costa",Plenary Hall,2026-10-14,09:30,10:45,Leadership
S03-02,Rethinking in-memory giving,"Freya Nielsen, Maya Sato, Chiara de Vries",Garden Room,2026-10-14,09:30,10:45,Legacy Giving
S03-03,The future of predictive analytics,"Pieter Nielsen, Aiko Iyer",Atrium,2026-10-14,09:30,10:45,Data & Insight
S03-04,Ethical storytelling in practice,Priya van Dijk,Library,2026-10-14,09:30,10:45,Storytelling
S03-05,Employee giving for small charities,"Amara Okafor, Pieter Nasser, Kwame Kowalski",Room 1,2026-10-14,09:30,10:45,Corporate Partnerships
S03-06,From zero to scale with local groups,Sven Nasser,Room 2,2026-10-14,09:30,10:45,Community Fundraising
S03-07,Why crypto donations matters now,"Mateo Dlamini, Hiroshi de Vries",Room 3,2026-10-14,09:30,10:45,Innovation
S03-08,The future of fundraiser burnout,"Tomasz Petrova, Fatima Kowalski",Room 4,2026-10-14,09:30,10:45,Wellbeing
S03-09,TikTok fundraising: a masterclass,Aiko Adeyemi,Room 5,2026-10-14,09:30,10:45,Digital
S03-10,Beyond donor stewardship: what actually works,"Maya Morales, Lucas Nowak",Room 6,2026-10-14,09:30,10:45,Major Gifts
S03-11,From zero to scale with board engagement,"Sipho Okafor, Nomvula Adeyemi",Room 7,2026-10-14,09:30,10:45,Leadership
S03-12,In-memory giving: lessons from the Global South,"Pieter Nkosi, Nomvula Fernandez",Room 8,2026-10-14,09:30,10:45,Legacy Giving
S03-13,The future of attribution models,Grace Costa,Room 9,2026-10-14,09:30,10:45,Data & Insight
S03-14,The future of ethical storytelling,Ingrid Fernandez,Room 10,2026-10-14,09:30,10:45,Storytelling
S03-15,From zero to scale with employee giving,Olu Morales,Room 11,2026-10-14,09:30,10:45,Corporate Partnerships
S04-01,Ten things we learned about legacy messaging,Kwame de Vries,Plenary Hall,2026-10-14,11:15,12:30,Legacy Giving
S04-02,From zero to scale with predictive analytics,Freya de Vries,Garden Room,2026-10-14,11:15,12:30,Data & Insight
S04-03,Video that converts in practice,"Fatima Okafor, Priya Nkosi",Atrium,2026-10-14,11:15,12:30,Storytelling
S04-04,Employee giving for small charities,Freya Morales,Library,2026-10-14,11:15,12:30,Corporate Partnerships
S04-05,Beyond challenge events: what actually works,Mateo Johansson,Room 1,2026-10-14,11:15,12:30,Community Fundraising
S04-06,New product development in practice,"Jonas Mwangi, Olu Sato",Room 2,2026-10-14,11:15,12:30,Innovation
S04-07,Resilience in hard times: lessons from the Global South,Hiroshi Becker,Room 3,2026-10-14,11:15,12:30,Wellbeing
S04-08,Rethinking livestream giving,Jonas Lindqvist,Room 4,2026-10-14,11:15,12:30,Digital
S04-09,Rethinking philanthropy circles,Lucas Balogun,Room 5,2026-10-14,11:15,12:30,Major Gifts
S04-10,Rethinking building a fundraising culture,"Sven de Vries, Kwame Becker",Room 6,2026-10-14,11:15,12:30,Leadership
S04-11,In-memory giving in practice,Kwame Fernandez,Room 7,2026-10-14,11:15,12:30,Legacy Giving
S04-12,Ten things we learned about CRM clean-up,Sofia Jansen,Room 8,2026-10-14,11:15,12:30,Data & Insight
S04-13,The future of video that converts,"Lucas Lindqvist, Fatima Okafor, Chiara Lindqvist",Room 9,2026-10-14,11:15,12:30,Storytelling
S04-14,Shared-value partnerships: a masterclass,Maya Jansen,Room 10,2026-10-14,11:15,12:30,Corporate Partnerships
S04-15,Local groups for small charities,"Elena Adeyemi, Ade Bakker",Room 11,2026-10-14,11:15,12:30,Community Fundraising
S05-01,The future of donor retention metrics,Aiko Petrova,Plenary Hall,2026-10-14,14:00,15:15,Data & Insight
S05-02,The future of consent-led imagery,"Sipho Lindqvist, Marta Johansson, Anouk de Vries",Garden Room,2026-10-14,14:00,15:15,Storytelling
S05-03,Ten things we learned about pitching to CSR teams,Diego Johansson,Atrium,2026-10-14,14:00,15:15,Corporate Partnerships
S05-04,The future of peer-to-peer events,"Chiara Bakker, Kwame Rossi",Library,2026-10-14,14:00,15:15,Community Fundraising
S05-05,Ten things we learned about test-and-learn culture,"Kwame Sato, Sipho Okafor",Room 1,2026-10-14,14:00,15:15,Innovation
S05-06,Resilience in hard times for small charities,Lucas Rahman,Room 2,2026-10-14,14:00,15:15,Wellbeing
S05-07,Rethinking TikTok fundraising,"Sven van Dijk, Nomvula de Vries",Room 3,2026-10-14,14:00,15:15,Digital
S05-08,Why prospect research matters now,"Ade Rossi, Amara Costa",Room 4,2026-10-14,14:00,15:15,Major Gifts
S05-09,Board engagement for small charities,Rahul Haddad,Room 5,2026-10-14,14:00,15:15,Leadership
S05-10,Legacy messaging: lessons from the Global South,"Mateo Mwangi, Amara Kowalski",Room 6,2026-10-14,14:00,15:15,Legacy Giving
S05-11,Ten things we learned about predictive analytics,"Fatima Okafor, Amara Becker",Room 7,2026-10-14,14:00,15:15,Data & Insight
S05-12,The future of consent-led imagery,Kwame Dlamini,Room 8,2026-10-14,14:00,15:15,Storytelling
S05-13,Why pitching to CSR teams matters now,Mateo Mwangi,Room 9,2026-10-14,14:00,15:15,Corporate Partnerships
S05-14,Peer-to-peer events: a masterclass,"Kwame Adeyemi, Pieter Balogun",Room 10,2026-10-14,14:00,15:15,Community Fundraising
S05-15,Beyond regular giving reinvented: what actually works,"Amara Adeyemi, Fatima Nasser",Room 11,2026-10-14,14:00,15:15,Innovation
S06-01,Ethical storytelling: lessons from the Global South,"Anouk Dlamini, Maya Rahman",Plenary Hall,2026-10-15,09:30,10:45,Storytelling
S06-02,Employee giving for small charities,"Fatima Mwangi, Diego Becker, Kwame Jansen",Garden Room,2026-10-15,09:30,10:45,Corporate Partnerships
S06-03,Challenge events for small charities,Ade Nowak,Atrium,2026-10-15,09:30,10:45,Community Fundraising
S06-04,Why crypto donations matters now,Mateo Adeyemi,Library,2026-10-15,09:30,10:45,Innovation
S06-05,Rethinking psychological safety,Amara Johansson,Room 1,2026-10-15,09:30,10:45,Wellbeing
S06-06,The future of livestream giving,"Ade Fernandez, Priya Rossi",Room 2,2026-10-15,09:30,10:45,Digital
S06-07,Prospect research: a masterclass,"Nomvula Bakker, Yasmin Lindqvist",Room 3,2026-10-15,09:30,10:45,Major Gifts
S06-08,Leading through change: a masterclass,Anouk Bakker,Room 4,2026-10-15,09:30,10:45,Leadership
S06-09,Ten things we learned about in-memory giving,Rahul Iyer,Room 5,2026-10-15,09:30,10:45,Legacy Giving
S06-10,Attribution models: a masterclass,Nomvula Rahman,Room 6,2026-10-15,09:30,10:45,Data & Insight
S06-11,Consent-led imagery for small charities,Chiara van Dijk,Room 7,2026-10-15,09:30,10:45,Storytelling
S06-12,Why pitching to CSR teams matters now,"Aiko Fernandez, Sipho Rossi",Room 8,2026-10-15,09:30,10:45,Corporate Partnerships
S06-13,Local groups: a masterclass,Nomvula Iyer,Room 9,2026-10-15,09:30,10:45,Community Fundraising
S06-14,Beyond new product development: what actually works,"Ade Nasser, Sofia Johansson",Room 10,2026-10-15,09:30,10:45,Innovation
S06-15,Rethinking resilience in hard times,"Amara Fernandez, Kwame Mwangi",Room 11,2026-10-15,09:30,10:45,Wellbeing
S07-01,Rethinking shared-value partnerships,Sven de Vries,Plenary Hall,2026-10-15,11:15,12:30,Corporate Partnerships
S07-02,Peer-to-peer events for small charities,Chiara Tanaka,Garden Room,2026-10-15,11:15,12:30,Community Fundraising
S07-03,Why new product development matters now,"Nomvula Lindqvist, Kwame Nasser",Atrium,2026-10-15,11:15,12:30,Innovation
S07-04,Fundraiser burnout in practice,Elena Rossi,Library,2026-10-15,11:15,12:30,Wellbeing
S07-05,TikTok fundraising for small charities,Leila Lindqvist,Room 1,2026-10-15,11:15,12:30,Digital
S07-06,Donor stewardship for small charities,"Tomasz Levi, Hiroshi Johansson",Room 2,2026-10-15,11:15,12:30,Major Gifts
S07-07,Leading through change in practice,"Priya Nielsen, Leila Balogun",Room 3,2026-10-15,11:15,12:30,Leadership
S07-08,Ten things we learned about legacy messaging,"Fatima Fernandez, Kwame Costa",Room 4,2026-10-15,11:15,12:30,Legacy Giving
S07-09,CRM clean-up for small charities,"Yasmin Kowalski, Anouk Nasser, Rahul Mensah",Room 5,2026-10-15,11:15,12:30,Data & Insight
S07-10,The power of the case study: lessons from the Global South,"Fatima Jansen, Daan Levi",Room 6,2026-10-15,11:15,12:30,Storytelling
S07-11,Employee giving for small charities,Freya Sato,Room 7,2026-10-15,11:15,12:30,Corporate Partnerships
S07-12,Faith communities: lessons from the Global South,Yasmin Sato,Room 8,2026-10-15,11:15,12:30,Community Fundraising
S07-13,The future of new product development,Diego Lindqvist,Room 9,2026-10-15,11:15,12:30,Innovation
S07-14,Ten things we learned about psychological safety,"Tomasz Becker, Nomvula Mwangi",Room 10,2026-10-15,11:15,12:30,Wellbeing
S07-15,AI in donor care: lessons from the Global South,Nomvula Mwangi,Room 11,2026-10-15,11:15,12:30,Digital
S08-01,Ten things we learned about peer-to-peer events,Tomasz Adeyemi,Plenary Hall,2026-10-15,14:00,15:15,Community Fundraising
S08-02,The future of crypto donations,Daan Mensah,Garden Room,2026-10-15,14:00,15:15,Innovation
S08-03,The future of resilience in hard times,Marta Balogun,Atrium,2026-10-15,14:00,15:15,Wellbeing
S08-04,Paid social: a masterclass,Sofia Johansson,Library,2026-10-15,14:00,15:15,Digital
S08-05,Beyond prospect research: what actually works,"Yasmin Fernandez, Amara Becker, Grace Bakker",Room 1,2026-10-15,14:00,15:15,Major Gifts
S08-06,Rethinking building a fundraising culture,Ade Petrova,Room 2,2026-10-15,14:00,15:15,Leadership
S08-07,From zero to scale with legacy messaging,"Leila Mensah, Amara van Dijk",Room 3,2026-10-15,14:00,15:15,Legacy Giving
S08-08,Attribution models in practice,"Jonas Mensah, Amara Balogun",Room 4,2026-10-15,14:00,15:15,Data & Insight
S08-09,From zero to scale with the power of the case study,Elena Adeyemi,Room 5,2026-10-15,14:00,15:15,Storytelling
S08-10,Employee giving in practice,Aiko Mwangi,Room 6,2026-10-15,14:00,15:15,Corporate Partnerships
S08-11,Peer-to-peer events in practice,Fatima Nowak,Room 7,2026-10-15,14:00,15:15,Community Fundraising
S08-12,Why new product development matters now,"Daan Rossi, Priya Sato",Room 8,2026-10-15,14:00,15:15,Innovation
S08-13,Psychological safety: a masterclass,"Grace Dlamini, Sven Okafor",Room 9,2026-10-15,14:00,15:15,Wellbeing
S08-14,The future of AI in donor care,Grace Rahman,Room 10,2026-10-15,14:00,15:15,Digital
S08-15,From zero to scale with donor stewardship,"Kwame Mensah, Ingrid Mensah",Room 11,2026-10-15,14:00,15:15,Major Gifts
S09-01,Ten things we learned about crypto donations,Kwame Morales,Plenary Hall,2026-10-16,09:30,10:45,Innovation
S09-02,Beyond psychological safety: what actually works,"Nomvula Okafor, Leila Nielsen",Garden Room,2026-10-16,09:30,10:45,Wellbeing
S09-03,Ten things we learned about AI in donor care,"Tomasz Tanaka, Ingrid Becker",Atrium,2026-10-16,09:30,10:45,Digital
S09-04,Ten things we learned about philanthropy circles,Lucas Morales,Library,2026-10-16,09:30,10:45,Major Gifts
S09-05,Hiring and retention in practice,"Ade Kowalski, Pieter Kowalski",Room 1,2026-10-16,09:30,10:45,Leadership
S09-06,Ten things we learned about in-memory giving,"Elena Sharma, Anouk de Vries, Pieter Petrova",Room 2,2026-10-16,09:30,10:45,Legacy Giving
S09-07,From zero to scale with CRM clean-up,Kwame Johansson,Room 3,2026-10-16,09:30,10:45,Data & Insight
S09-08,The power of the case study in practice,"Anouk Nielsen, Mateo Balogun, Jonas Jansen",Room 4,2026-10-16,09:30,10:45,Storytelling
S09-09,Pitching to CSR teams: a masterclass,"Ade Lindqvist, Maya Petrova",Room 5,2026-10-16,09:30,10:45,Corporate Partnerships
S09-10,Beyond challenge events: what actually works,Aiko Costa,Room 6,2026-10-16,09:30,10:45,Community Fundraising
S09-11,New product development: a masterclass,Anouk Becker,Room 7,2026-10-16,09:30,10:45,Innovation
S09-12,From zero to scale with resilience in hard times,Marta Morales,Room 8,2026-10-16,09:30,10:45,Wellbeing
S09-13,AI in donor care for small charities,"Rahul Mwangi, Elena Rahman, Grace Tanaka",Room 9,2026-10-16,09:30,10:45,Digital
S09-14,Why donor stewardship matters now,Nomvula Rahman,Room 10,2026-10-16,09:30,10:45,Major Gifts
S09-15,Rethinking board engagement,"Freya Kowalski, Hiroshi van Dijk",Room 11,2026-10-16,09:30,10:45,Leadership
S10-01,Beyond resilience in hard times: what actually works,Chiara Morales,Plenary Hall,2026-10-16,11:15,12:30,Wellbeing
S10-02,Rethinking email journeys,Grace Bakker,Garden Room,2026-10-16,11:15,12:30,Digital
S10-03,Rethinking prospect research,Mateo Bakker,Atrium,2026-10-16,11:15,12:30,Major Gifts
S10-04,Rethinking leading through change,"Sofia Adeyemi, Elena Nasser",Library,2026-10-16,11:15,12:30,Leadership
S10-05,Beyond in-memory giving: what actually works,Pieter Johansson,Room 1,2026-10-16,11:15,12:30,Legacy Giving
S10-06,From zero to scale with donor retention metrics,"Sofia Dlamini, Sipho Mensah",Room 2,2026-10-16,11:15,12:30,Data & Insight
S10-07,The power of the case study: a masterclass,Amara van Dijk,Room 3,2026-10-16,11:15,12:30,Storytelling
S10-08,Shared-value partnerships for small charities,Daan Bakker,Room 4,2026-10-16,11:15,12:30,Corporate Partnerships
S10-09,Local groups for small charities,"Mateo de Vries, Aiko Jansen",Room 5,2026-10-16,11:15,12:30,Community Fundraising
S10-10,The future of test-and-learn culture,"Aiko Morales, Diego Fernandez",Room 6,2026-10-16,11:15,12:30,Innovation
S10-11,Fundraiser burnout: lessons from the Global South,"Leila Tanaka, Ingrid Fernandez",Room 7,2026-10-16,11:15,12:30,Wellbeing
S10-12,The future of livestream giving,"Tomasz Jansen, Ingrid Bakker",Room 8,2026-10-16,11:15,12:30,Digital
S10-13,Ten things we learned about donor stewardship,"Tomasz Levi, Grace Petrova",Room 9,2026-10-16,11:15,12:30,Major Gifts
S10-14,Hiring and retention in practice,"Aiko Rahman, Aiko Lindqvist",Room 10,2026-10-16,11:15,12:30,Leadership
S10-15,Gifts in wills for small charities,"Elena Bakker, Mateo Lindqvist",Room 11,2026-10-16,11:15,12:30,Legacy Giving
